transaction_id,amount,currency,timestamp,counterparty
TXN0000000,31974.95,USD,2026-01-13T12:24:00,Globex
TXN0000001,11168.3,USD,2026-01-25T19:41:00,Acme Corp
TXN0000002,29528.72,USD,2026-01-02T08:32:00,Acme Corp
TXN0000003,10939.71,USD,2026-01-26T13:01:00,Globex
TXN0000004,35803.82,INR,2026-01-11T00:46:00,Umbrella Ltd
TXN0000005,29467.39,USD,2026-01-08T06:23:00,Wayne Enterprises
TXN0000006,21136.49,GBP,2026-01-08T01:49:00,Globex
TXN0000007,47861.08,GBP,2026-01-05T15:38:00,Acme Corp
TXN0000008,19002.57,GBP,2026-01-16T15:41:00,Stark Industries
TXN0000009,13233.4,USD,2026-01-21T21:48:00,Stark Industries
TXN0000010,6250.06,INR,2026-01-04T14:04:00,Stark Industries
TXN0000011,14665.98,GBP,2026-01-27T06:37:00,Globex
TXN0000012,35231.55,USD,2026-01-11T08:55:00,Initech
TXN0000013,49261.22,EUR,2026-01-05T14:19:00,Umbrella Ltd
TXN0000014,13905.9,GBP,2026-01-08T09:39:00,Initech
TXN0000015,17769.98,GBP,2026-01-30T11:49:00,Acme Corp
TXN0000016,30460.46,EUR,2026-01-25T07:25:00,Wayne Enterprises
TXN0000017,12248.1,INR,2026-01-18T06:27:00,Initech
TXN0000018,49476.27,EUR,2026-01-15T18:12:00,Acme Corp
TXN0000019,11460.11,USD,2026-01-15T08:33:00,Umbrella Ltd
TXN0000020,13394.37,EUR,2026-01-26T19:30:00,Wayne Enterprises
TXN0000021,15740.75,INR,2026-01-19T00:08:00,Wayne Enterprises
TXN0000022,22948.0,GBP,2026-01-07T08:30:00,Globex
TXN0000023,37252.0,GBP,2026-01-27T14:31:00,Umbrella Ltd
TXN0000024,44892.17,INR,2026-01-17T11:23:00,Globex
TXN0000025,49866.32,EUR,2026-01-24T04:32:00,Umbrella Ltd
TXN0000026,4554.56,USD,2026-01-05T23:45:00,Globex
TXN0000027,31376.03,INR,2026-01-28T03:26:00,Acme Corp
TXN0000028,19244.52,INR,2026-01-25T01:56:00,Initech
TXN0000029,48554.21,USD,2026-01-06T05:07:00,Wayne Enterprises
TXN0000030,44240.57,GBP,2026-01-30T04:06:00,Initech
TXN0000031,5586.49,INR,2026-01-08T04:45:00,Umbrella Ltd
TXN0000032,172.23,GBP,2026-01-23T18:46:00,Globex
TXN0000033,25389.01,USD,2026-01-29T10:59:00,Initech
TXN0000034,42085.05,EUR,2026-01-07T22:56:00,Initech
TXN0000035,38127.91,USD,2026-01-28T06:12:00,Initech
TXN0000036,24435.4,USD,2026-01-17T12:28:00,Initech
TXN0000037,11980.22,EUR,2026-01-26T19:42:00,Acme Corp
TXN0000038,4291.82,INR,2026-01-04T03:35:00,Stark Industries
TXN0000039,38294.06,EUR,2026-01-22T15:08:00,Stark Industries
TXN0000040,8264.7,INR,2026-01-10T15:20:00,Stark Industries
TXN0000041,37765.71,EUR,2026-01-15T04:28:00,Umbrella Ltd
TXN0000042,49757.52,GBP,2026-01-20T22:31:00,Stark Industries
TXN0000043,22579.79,EUR,2026-01-11T05:25:00,Acme Corp
TXN0000044,16910.9,EUR,2026-01-27T18:44:00,Globex
TXN0000045,369.47,USD,2026-01-11T10:03:00,Acme Corp
TXN0000046,45271.95,GBP,2026-01-04T05:23:00,Stark Industries
TXN0000047,11907.85,INR,2026-01-10T18:00:00,Stark Industries
TXN0000048,6624.27,INR,2026-01-12T01:25:00,Umbrella Ltd
TXN0000049,40376.77,EUR,2026-01-05T07:01:00,Acme Corp
TXN0000050,32952.55,GBP,2026-01-20T06:39:00,Umbrella Ltd
TXN0000051,23356.56,USD,2026-01-30T17:44:00,Wayne Enterprises
TXN0000052,4929.91,INR,2026-01-16T10:36:00,Acme Corp
TXN0000053,12440.33,EUR,2026-01-25T09:46:00,Umbrella Ltd
TXN0000054,7017.71,EUR,2026-01-13T16:14:00,Umbrella Ltd
TXN0000055,12497.82,USD,2026-01-21T04:01:00,Stark Industries
TXN0000056,4904.46,USD,2026-01-05T05:52:00,Globex
TXN0000057,8323.89,INR,2026-01-22T21:46:00,Globex
TXN0000058,43233.87,USD,2026-01-08T11:49:00,Umbrella Ltd
TXN0000059,117.75,INR,2026-01-13T01:40:00,Umbrella Ltd
TXN0000060,14269.61,INR,2026-01-08T01:04:00,Globex
TXN0000061,14842.42,USD,2026-01-27T08:37:00,Wayne Enterprises
TXN0000062,27114.34,GBP,2026-01-03T14:26:00,Acme Corp
TXN0000063,29213.04,EUR,2026-01-03T14:07:00,Stark Industries
TXN0000064,4014.77,EUR,2026-01-04T02:50:00,Stark Industries
TXN0000065,3407.36,EUR,2026-01-19T09:01:00,Acme Corp
TXN0000066,47080.39,EUR,2026-01-27T08:20:00,Stark Industries
TXN0000067,1996.69,USD,2026-01-20T01:54:00,Wayne Enterprises
TXN0000068,29187.78,GBP,2026-01-12T20:49:00,Globex
TXN0000069,33489.6,GBP,2026-01-11T20:42:00,Initech
TXN0000070,19795.33,GBP,2026-01-21T19:24:00,Initech
TXN0000071,46451.63,USD,2026-01-01T10:10:00,Umbrella Ltd
TXN0000072,31061.75,USD,2026-01-04T08:01:00,Stark Industries
TXN0000073,10665.58,GBP,2026-01-07T00:40:00,Initech
TXN0000074,44044.4,EUR,2026-01-17T19:37:00,Initech
TXN0000075,7895.76,GBP,2026-01-28T20:06:00,Wayne Enterprises
TXN0000076,26451.75,GBP,2026-01-05T17:08:00,Globex
TXN0000077,13230.65,USD,2026-01-26T04:16:00,Globex
TXN0000078,13624.69,EUR,2026-01-16T14:31:00,Globex
TXN0000079,34377.98,GBP,2026-01-24T00:02:00,Umbrella Ltd
TXN0000080,12563.55,USD,2026-01-05T04:48:00,Wayne Enterprises
TXN0000081,21184.55,GBP,2026-01-03T00:09:00,Acme Corp
TXN0000082,16684.49,EUR,2026-01-29T23:53:00,Initech
TXN0000083,8087.48,INR,2026-01-26T02:34:00,Wayne Enterprises
TXN0000084,21390.07,USD,2026-01-06T02:11:00,Acme Corp
TXN0000085,47253.1,EUR,2026-01-25T19:55:00,Acme Corp
TXN0000086,41731.41,EUR,2026-01-20T13:26:00,Globex
TXN0000087,2101.02,GBP,2026-01-02T19:34:00,Initech
TXN0000088,10511.73,EUR,2026-01-05T16:16:00,Initech
TXN0000089,39008.01,INR,2026-01-29T05:55:00,Wayne Enterprises
TXN0000090,7736.12,EUR,2026-01-08T09:29:00,Globex
TXN0000091,44072.0,USD,2026-01-09T03:54:00,Wayne Enterprises
TXN0000092,46225.12,INR,2026-01-12T07:03:00,Initech
TXN0000093,7968.3,USD,2026-01-18T09:50:00,Acme Corp
TXN0000094,42931.08,EUR,2026-01-10T01:59:00,Umbrella Ltd
TXN0000095,17489.42,EUR,2026-01-11T03:29:00,Acme Corp
TXN0000096,33005.06,INR,2026-01-15T22:32:00,Initech
TXN0000097,43219.0,GBP,2026-01-16T23:32:00,Wayne Enterprises
TXN0000098,25475.19,GBP,2026-01-02T06:08:00,Acme Corp
TXN0000099,43853.15,GBP,2026-01-09T03:02:00,Stark Industries
TXN0000100,48127.09,GBP,2026-01-02T17:47:00,Acme Corp
TXN0000101,29832.6,GBP,2026-01-15T06:37:00,Umbrella Ltd
TXN0000102,30314.38,USD,2026-01-18T12:44:00,Stark Industries
TXN0000103,9512.04,USD,2026-01-20T20:17:00,Acme Corp
TXN0000104,26000.82,EUR,2026-01-17T13:49:00,Umbrella Ltd
TXN0000105,3507.99,GBP,2026-01-29T08:39:00,Initech
TXN0000106,33172.74,USD,2026-01-14T16:01:00,Stark Industries
TXN0000107,15471.14,INR,2026-01-15T20:16:00,Umbrella Ltd
TXN0000108,34863.45,EUR,2026-01-09T17:32:00,Umbrella Ltd
TXN0000109,33249.82,INR,2026-01-08T22:05:00,Stark Industries
TXN0000110,28459.57,INR,2026-01-25T22:29:00,Acme Corp
TXN0000111,15200.71,EUR,2026-01-20T13:33:00,Stark Industries
TXN0000112,30337.01,GBP,2026-01-22T03:53:00,Umbrella Ltd
TXN0000113,22113.57,EUR,2026-01-24T06:20:00,Umbrella Ltd
TXN0000114,39688.83,EUR,2026-01-30T23:38:00,Acme Corp
TXN0000115,14196.48,GBP,2026-01-05T06:00:00,Globex
TXN0000116,33643.06,EUR,2026-01-10T01:30:00,Globex
TXN0000117,1231.03,EUR,2026-01-22T14:58:00,Stark Industries
TXN0000118,42488.39,USD,2026-01-21T17:26:00,Umbrella Ltd
TXN0000119,44307.98,EUR,2026-01-18T11:24:00,Umbrella Ltd
TXN0000120,19988.65,EUR,2026-01-30T20:35:00,Wayne Enterprises
TXN0000121,287.19,USD,2026-01-20T08:22:00,Globex
TXN0000122,8802.58,INR,2026-01-03T06:51:00,Stark Industries
TXN0000123,12467.42,USD,2026-01-21T18:34:00,Globex
TXN0000124,40072.82,GBP,2026-01-21T03:24:00,Stark Industries
TXN0000125,40752.18,INR,2026-01-25T22:25:00,Umbrella Ltd
TXN0000126,44861.43,INR,2026-01-21T11:35:00,Initech
TXN0000127,37591.32,GBP,2026-01-24T17:23:00,Umbrella Ltd
TXN0000128,31341.15,GBP,2026-01-21T00:27:00,Acme Corp
TXN0000129,35680.11,EUR,2026-01-13T08:47:00,Initech
TXN0000130,15992.28,USD,2026-01-07T07:08:00,Globex
TXN0000131,11570.76,EUR,2026-01-10T17:41:00,Acme Corp
TXN0000132,20749.25,GBP,2026-01-25T16:40:00,Umbrella Ltd
TXN0000133,20794.55,EUR,2026-01-20T02:54:00,Umbrella Ltd
TXN0000134,45242.88,USD,2026-01-27T04:48:00,Umbrella Ltd
TXN0000135,23854.22,GBP,2026-01-14T14:09:00,Umbrella Ltd
TXN0000136,42673.86,INR,2026-01-25T11:52:00,Wayne Enterprises
TXN0000137,36734.36,EUR,2026-01-23T05:16:00,Globex
TXN0000138,13654.04,INR,2026-01-02T07:42:00,Umbrella Ltd
TXN0000139,16813.12,INR,2026-01-08T12:16:00,Umbrella Ltd
TXN0000140,45977.89,USD,2026-01-18T22:22:00,Stark Industries
TXN0000141,28223.96,USD,2026-01-04T19:41:00,Wayne Enterprises
TXN0000142,21436.35,INR,2026-01-09T06:29:00,Acme Corp
TXN0000143,13015.21,GBP,2026-01-10T15:11:00,Umbrella Ltd
TXN0000144,16349.02,INR,2026-01-13T15:55:00,Umbrella Ltd
TXN0000145,12621.05,USD,2026-01-22T09:42:00,Acme Corp
TXN0000146,37453.72,USD,2026-01-16T22:15:00,Globex
TXN0000147,32510.7,USD,2026-01-02T09:53:00,Globex
TXN0000148,9976.04,USD,2026-01-29T06:39:00,Globex
TXN0000149,11934.86,INR,2026-01-06T04:56:00,Stark Industries
TXN0000150,47388.37,INR,2026-01-12T15:53:00,Initech
TXN0000151,8397.78,USD,2026-01-08T10:52:00,Initech
TXN0000152,5413.86,USD,2026-01-15T04:44:00,Stark Industries
TXN0000153,33870.59,INR,2026-01-19T01:15:00,Wayne Enterprises
TXN0000154,9924.51,EUR,2026-01-05T15:18:00,Wayne Enterprises
TXN0000155,38626.32,USD,2026-01-26T18:08:00,Acme Corp
TXN0000156,17366.72,INR,2026-01-17T20:45:00,Acme Corp
TXN0000157,25302.98,GBP,2026-01-01T13:49:00,Umbrella Ltd
TXN0000158,41118.32,USD,2026-01-20T17:31:00,Initech
TXN0000159,31782.9,INR,2026-01-07T23:06:00,Umbrella Ltd
TXN0000160,8815.09,GBP,2026-01-29T00:44:00,Stark Industries
TXN0000161,38734.33,INR,2026-01-20T19:45:00,Wayne Enterprises
TXN0000162,29627.81,GBP,2026-01-12T04:08:00,Acme Corp
TXN0000163,13953.62,INR,2026-01-12T02:21:00,Umbrella Ltd
TXN0000164,28496.78,INR,2026-01-16T07:26:00,Acme Corp
TXN0000165,24720.38,GBP,2026-01-09T06:37:00,Umbrella Ltd
TXN0000166,10613.87,GBP,2026-01-16T11:44:00,Initech
TXN0000167,44017.2,GBP,2026-01-26T07:04:00,Acme Corp
TXN0000168,25836.2,EUR,2026-01-04T21:30:00,Globex
TXN0000169,36006.53,INR,2026-01-26T06:24:00,Globex
TXN0000170,34533.56,INR,2026-01-21T09:31:00,Acme Corp
TXN0000171,4661.74,EUR,2026-01-19T09:42:00,Wayne Enterprises
TXN0000172,12172.83,GBP,2026-01-22T12:55:00,Stark Industries
TXN0000173,26550.79,INR,2026-01-26T01:10:00,Initech
TXN0000174,17597.01,INR,2026-01-13T07:54:00,Initech
TXN0000175,12577.67,USD,2026-01-09T18:21:00,Initech
TXN0000176,5986.54,EUR,2026-01-09T17:12:00,Globex
TXN0000177,36932.85,GBP,2026-01-27T19:59:00,Stark Industries
TXN0000178,29843.57,USD,2026-01-09T20:01:00,Initech
TXN0000179,11381.88,EUR,2026-01-14T18:09:00,Acme Corp
TXN0000180,35403.84,EUR,2026-01-13T11:37:00,Acme Corp
TXN0000181,48715.0,GBP,2026-01-06T17:55:00,Wayne Enterprises
TXN0000182,43424.38,INR,2026-01-05T16:03:00,Acme Corp
TXN0000183,28707.47,INR,2026-01-22T18:53:00,Umbrella Ltd
TXN0000184,17041.89,USD,2026-01-12T11:46:00,Umbrella Ltd
TXN0000185,5713.22,USD,2026-01-19T05:40:00,Umbrella Ltd
TXN0000186,3713.37,USD,2026-01-07T21:43:00,Globex
TXN0000187,40558.99,GBP,2026-01-04T21:02:00,Globex
TXN0000188,5931.39,INR,2026-01-28T14:15:00,Stark Industries
TXN0000189,39539.13,EUR,2026-01-24T18:47:00,Umbrella Ltd
TXN0000190,22531.22,INR,2026-01-14T12:47:00,Stark Industries
TXN0000191,49501.66,GBP,2026-01-26T21:05:00,Stark Industries
TXN0000192,3020.91,USD,2026-01-10T10:57:00,Wayne Enterprises
TXN0000193,10559.15,USD,2026-01-08T03:32:00,Globex
TXN0000194,8698.94,USD,2026-01-08T02:58:00,Acme Corp
TXN0000195,20431.79,INR,2026-01-14T06:07:00,Acme Corp
TXN0000196,11581.5,GBP,2026-01-21T15:55:00,Acme Corp
TXN0000197,34372.37,GBP,2026-01-29T10:43:00,Stark Industries
TXN0000198,33062.54,EUR,2026-01-20T08:21:00,Acme Corp
TXN0000199,27232.67,EUR,2026-01-13T02:08:00,Globex
TXN0000200,3579.78,EUR,2026-01-14T23:59:00,Stark Industries
TXN0000201,37450.4,GBP,2026-01-20T23:40:00,Acme Corp
TXN0000202,23440.21,GBP,2026-01-19T07:38:00,Initech
TXN0000203,25028.6,INR,2026-01-20T22:08:00,Acme Corp
TXN0000204,29905.85,INR,2026-01-15T16:03:00,Stark Industries
TXN0000205,12525.89,USD,2026-01-11T10:02:00,Wayne Enterprises
TXN0000206,41799.57,USD,2026-01-13T06:22:00,Stark Industries
TXN0000207,2021.18,EUR,2026-01-22T09:54:00,Stark Industries
TXN0000208,32578.96,GBP,2026-01-09T06:14:00,Stark Industries
TXN0000209,21799.89,INR,2026-01-05T03:39:00,Umbrella Ltd
TXN0000210,17404.57,GBP,2026-01-15T14:40:00,Wayne Enterprises
TXN0000211,5238.95,EUR,2026-01-16T00:14:00,Umbrella Ltd
TXN0000212,34686.75,GBP,2026-01-19T05:24:00,Stark Industries
TXN0000213,1844.49,USD,2026-01-15T07:32:00,Initech
TXN0000214,16170.46,INR,2026-01-24T10:04:00,Acme Corp
TXN0000215,32886.44,INR,2026-01-19T19:22:00,Acme Corp
TXN0000216,9387.25,GBP,2026-01-29T08:04:00,Umbrella Ltd
TXN0000217,31274.18,USD,2026-01-10T06:20:00,Initech
TXN0000218,27465.49,GBP,2026-01-20T22:32:00,Wayne Enterprises
TXN0000219,24240.74,USD,2026-01-29T16:09:00,Stark Industries
TXN0000220,39967.69,EUR,2026-01-15T03:25:00,Stark Industries
TXN0000221,693.59,INR,2026-01-05T05:48:00,Globex
TXN0000222,49612.93,USD,2026-01-22T00:01:00,Acme Corp
TXN0000223,32389.01,EUR,2026-01-23T16:21:00,Wayne Enterprises
TXN0000224,14600.16,GBP,2026-01-19T21:49:00,Umbrella Ltd
TXN0000225,49012.43,EUR,2026-01-21T18:55:00,Stark Industries
TXN0000226,7240.65,EUR,2026-01-28T06:40:00,Stark Industries
TXN0000227,37317.16,EUR,2026-01-04T04:15:00,Initech
TXN0000228,38636.03,INR,2026-01-16T11:14:00,Stark Industries
TXN0000229,13365.96,USD,2026-01-13T20:56:00,Wayne Enterprises
TXN0000230,14934.81,INR,2026-01-07T18:18:00,Umbrella Ltd
TXN0000231,26933.64,GBP,2026-01-16T03:06:00,Stark Industries
TXN0000232,38146.01,INR,2026-01-21T17:21:00,Initech
TXN0000233,43481.39,EUR,2026-01-27T00:33:00,Umbrella Ltd
TXN0000234,11685.79,INR,2026-01-02T23:40:00,Initech
TXN0000235,37237.81,INR,2026-01-18T13:42:00,Wayne Enterprises
TXN0000236,39621.76,EUR,2026-01-23T13:01:00,Acme Corp
TXN0000237,6321.05,GBP,2026-01-05T13:37:00,Umbrella Ltd
TXN0000238,4994.59,INR,2026-01-01T16:45:00,Wayne Enterprises
TXN0000239,7216.33,EUR,2026-01-04T09:43:00,Umbrella Ltd
TXN0000240,39078.45,GBP,2026-01-16T09:47:00,Stark Industries
TXN0000241,34638.3,USD,2026-01-15T22:52:00,Wayne Enterprises
TXN0000242,42968.52,INR,2026-01-15T09:52:00,Wayne Enterprises
TXN0000243,35938.68,INR,2026-01-25T14:56:00,Acme Corp
TXN0000244,30876.8,EUR,2026-01-29T17:23:00,Wayne Enterprises
TXN0000245,46047.25,EUR,2026-01-05T02:43:00,Umbrella Ltd
TXN0000246,48917.1,USD,2026-01-21T04:36:00,Globex
TXN0000247,34703.12,USD,2026-01-03T02:14:00,Initech
TXN0000248,39809.21,GBP,2026-01-17T07:32:00,Initech
TXN0000249,21540.03,EUR,2026-01-25T04:10:00,Umbrella Ltd
TXN0000250,28300.74,EUR,2026-01-08T17:40:00,Globex
TXN0000251,3957.63,INR,2026-01-29T04:53:00,Wayne Enterprises
TXN0000252,12049.08,EUR,2026-01-11T13:36:00,Umbrella Ltd
TXN0000253,31898.85,INR,2026-01-12T14:53:00,Wayne Enterprises
TXN0000254,479.78,INR,2026-01-14T02:10:00,Wayne Enterprises
TXN0000255,27334.44,USD,2026-01-21T02:29:00,Initech
TXN0000256,49382.71,GBP,2026-01-30T01:53:00,Umbrella Ltd
TXN0000257,34518.77,INR,2026-01-14T17:59:00,Globex
TXN0000258,49968.68,INR,2026-01-05T20:29:00,Globex
TXN0000259,19074.4,GBP,2026-01-27T03:50:00,Initech
TXN0000260,49634.68,GBP,2026-01-01T23:57:00,Wayne Enterprises
TXN0000261,19796.33,USD,2026-01-26T18:08:00,Wayne Enterprises
TXN0000262,38917.8,USD,2026-01-28T14:21:00,Wayne Enterprises
TXN0000263,24841.4,GBP,2026-01-11T11:21:00,Stark Industries
TXN0000264,40098.58,EUR,2026-01-29T23:21:00,Globex
TXN0000265,31048.35,EUR,2026-01-29T14:12:00,Acme Corp
TXN0000266,45171.15,USD,2026-01-15T01:26:00,Umbrella Ltd
TXN0000267,1677.89,GBP,2026-01-06T23:32:00,Acme Corp
TXN0000268,45482.29,GBP,2026-01-19T21:50:00,Globex
TXN0000269,10047.73,GBP,2026-01-25T03:49:00,Stark Industries
TXN0000270,45675.21,EUR,2026-01-12T16:40:00,Umbrella Ltd
TXN0000271,48369.53,GBP,2026-01-16T09:58:00,Acme Corp
TXN0000272,23421.89,USD,2026-01-07T09:44:00,Globex
TXN0000273,43008.43,INR,2026-01-26T08:44:00,Initech
TXN0000274,4524.24,INR,2026-01-01T15:12:00,Initech
TXN0000275,26833.25,INR,2026-01-17T18:35:00,Wayne Enterprises
TXN0000276,37453.09,GBP,2026-01-27T14:29:00,Umbrella Ltd
TXN0000277,41122.64,GBP,2026-01-05T22:20:00,Wayne Enterprises
TXN0000278,11698.76,USD,2026-01-29T04:42:00,Stark Industries
TXN0000279,16407.03,EUR,2026-01-30T11:24:00,Acme Corp
TXN0000280,31773.84,INR,2026-01-14T18:04:00,Wayne Enterprises
TXN0000281,20420.71,EUR,2026-01-03T01:31:00,Acme Corp
TXN0000282,15225.19,INR,2026-01-06T06:50:00,Acme Corp
TXN0000283,11747.65,EUR,2026-01-18T16:30:00,Umbrella Ltd
TXN0000284,18556.87,INR,2026-01-27T17:31:00,Wayne Enterprises
TXN0000285,36332.69,INR,2026-01-30T19:20:00,Acme Corp
TXN0000286,41686.32,INR,2026-01-13T17:33:00,Acme Corp
TXN0000287,34517.13,EUR,2026-01-21T04:17:00,Umbrella Ltd
TXN0000288,47528.25,GBP,2026-01-05T12:31:00,Wayne Enterprises
TXN0000289,18373.07,GBP,2026-01-03T18:08:00,Umbrella Ltd
TXN0000290,13801.31,USD,2026-01-21T16:40:00,Acme Corp
TXN0000291,33141.81,USD,2026-01-03T07:14:00,Initech
TXN0000292,12186.01,EUR,2026-01-26T16:40:00,Globex
TXN0000293,3439.82,EUR,2026-01-27T16:29:00,Globex
TXN0000294,40654.52,EUR,2026-01-15T22:52:00,Globex
TXN0000295,39434.3,USD,2026-01-13T14:51:00,Globex
TXN0000296,49376.49,GBP,2026-01-08T22:35:00,Acme Corp
TXN0000297,33056.27,USD,2026-01-06T23:57:00,Acme Corp
TXN0000298,17918.53,EUR,2026-01-27T19:11:00,Initech
TXN0000299,798.9,GBP,2026-01-03T09:14:00,Globex
TXN0000300,37088.49,USD,2026-01-03T21:25:00,Umbrella Ltd
TXN0000301,22419.28,GBP,2026-01-24T08:35:00,Stark Industries
TXN0000302,5461.61,EUR,2026-01-28T23:51:00,Acme Corp
TXN0000303,36364.88,GBP,2026-01-21T20:18:00,Wayne Enterprises
TXN0000304,48201.67,USD,2026-01-22T19:10:00,Umbrella Ltd
TXN0000305,21319.42,USD,2026-01-23T07:30:00,Wayne Enterprises
TXN0000306,45485.94,USD,2026-01-04T16:14:00,Initech
TXN0000307,30418.79,USD,2026-01-06T17:50:00,Initech
TXN0000308,31219.63,GBP,2026-01-18T08:02:00,Stark Industries
TXN0000309,26532.54,INR,2026-01-24T00:11:00,Stark Industries
TXN0000310,21515.66,USD,2026-01-30T19:07:00,Wayne Enterprises
TXN0000311,43886.53,EUR,2026-01-20T13:45:00,Umbrella Ltd
TXN0000312,44405.67,INR,2026-01-16T10:12:00,Umbrella Ltd
TXN0000313,19942.52,USD,2026-01-15T05:23:00,Umbrella Ltd
TXN0000314,15633.05,GBP,2026-01-18T00:50:00,Globex
TXN0000315,34344.18,INR,2026-01-04T01:19:00,Acme Corp
TXN0000316,41590.28,USD,2026-01-20T15:43:00,Acme Corp
TXN0000317,37232.0,GBP,2026-01-06T22:07:00,Stark Industries
TXN0000318,3008.45,GBP,2026-01-06T13:30:00,Umbrella Ltd
TXN0000319,17686.37,INR,2026-01-03T08:11:00,Initech
TXN0000320,30024.5,GBP,2026-01-05T17:09:00,Stark Industries
TXN0000321,25375.55,EUR,2026-01-30T21:19:00,Umbrella Ltd
TXN0000322,11220.0,USD,2026-01-16T22:25:00,Stark Industries
TXN0000323,18384.38,GBP,2026-01-27T03:04:00,Globex
TXN0000324,40363.0,USD,2026-01-28T17:11:00,Wayne Enterprises
TXN0000325,41474.74,GBP,2026-01-02T07:37:00,Globex
TXN0000326,13670.79,GBP,2026-01-16T11:10:00,Initech
TXN0000327,315.23,EUR,2026-01-26T18:34:00,Wayne Enterprises
TXN0000328,20045.21,EUR,2026-01-29T19:35:00,Acme Corp
TXN0000329,4596.97,EUR,2026-01-18T02:54:00,Umbrella Ltd
TXN0000330,22687.75,EUR,2026-01-17T20:11:00,Initech
TXN0000331,36082.58,USD,2026-01-03T09:27:00,Globex
TXN0000332,7878.92,USD,2026-01-04T17:06:00,Initech
TXN0000333,22161.22,INR,2026-01-23T02:28:00,Stark Industries
TXN0000334,22107.79,GBP,2026-01-10T19:27:00,Stark Industries
TXN0000335,5699.74,INR,2026-01-06T01:07:00,Initech
TXN0000336,33914.11,INR,2026-01-24T23:33:00,Wayne Enterprises
TXN0000337,15427.89,EUR,2026-01-18T23:43:00,Stark Industries
TXN0000338,2748.55,EUR,2026-01-14T17:13:00,Globex
TXN0000339,38369.8,GBP,2026-01-14T04:09:00,Initech
TXN0000340,6008.02,INR,2026-01-20T14:23:00,Globex
TXN0000341,6467.99,EUR,2026-01-23T18:25:00,Stark Industries
TXN0000342,41669.38,GBP,2026-01-04T06:43:00,Umbrella Ltd
TXN0000343,43089.6,USD,2026-01-20T20:28:00,Acme Corp
TXN0000344,22993.11,USD,2026-01-15T05:56:00,Stark Industries
TXN0000345,21469.92,INR,2026-01-30T03:12:00,Umbrella Ltd
TXN0000346,14482.87,INR,2026-01-01T22:46:00,Initech
TXN0000347,8601.94,INR,2026-01-17T11:14:00,Acme Corp
TXN0000348,21841.22,USD,2026-01-12T01:45:00,Umbrella Ltd
TXN0000349,29447.68,USD,2026-01-19T00:16:00,Initech
TXN0000350,37292.78,EUR,2026-01-16T03:47:00,Globex
TXN0000351,3828.21,USD,2026-01-25T03:33:00,Stark Industries
TXN0000352,9703.25,GBP,2026-01-16T23:29:00,Wayne Enterprises
TXN0000353,47911.59,EUR,2026-01-11T18:04:00,Acme Corp
TXN0000354,7330.75,EUR,2026-01-08T21:30:00,Stark Industries
TXN0000355,7651.96,USD,2026-01-09T01:29:00,Wayne Enterprises
TXN0000356,24710.91,INR,2026-01-26T16:34:00,Wayne Enterprises
TXN0000357,31768.56,GBP,2026-01-29T13:05:00,Initech
TXN0000358,7556.36,USD,2026-01-22T08:11:00,Umbrella Ltd
TXN0000359,31572.94,GBP,2026-01-27T21:59:00,Acme Corp
TXN0000360,17603.59,USD,2026-01-15T03:02:00,Umbrella Ltd
TXN0000361,22601.17,USD,2026-01-17T18:45:00,Initech
TXN0000362,3845.78,USD,2026-01-28T23:45:00,Stark Industries
TXN0000363,25358.32,INR,2026-01-27T09:52:00,Stark Industries
TXN0000364,47712.03,USD,2026-01-21T11:13:00,Stark Industries
TXN0000365,32595.35,GBP,2026-01-28T12:49:00,Umbrella Ltd
TXN0000366,25073.35,USD,2026-01-21T12:05:00,Acme Corp
TXN0000367,40550.23,GBP,2026-01-04T20:06:00,Stark Industries
TXN0000368,32309.89,USD,2026-01-12T06:36:00,Wayne Enterprises
TXN0000369,21893.54,INR,2026-01-24T20:25:00,Stark Industries
TXN0000370,30494.17,GBP,2026-01-17T23:15:00,Initech
TXN0000371,19376.95,GBP,2026-01-28T05:03:00,Acme Corp
TXN0000372,39463.45,GBP,2026-01-03T23:59:00,Initech
TXN0000373,4734.35,INR,2026-01-13T22:21:00,Initech
TXN0000374,36189.45,EUR,2026-01-16T04:07:00,Acme Corp
TXN0000375,29141.15,EUR,2026-01-16T22:05:00,Initech
TXN0000376,48385.15,INR,2026-01-06T20:50:00,Stark Industries
TXN0000377,35444.61,USD,2026-01-15T02:08:00,Stark Industries
TXN0000378,18840.2,GBP,2026-01-06T19:35:00,Wayne Enterprises
TXN0000379,35144.52,USD,2026-01-30T09:37:00,Wayne Enterprises
TXN0000380,21176.08,GBP,2026-01-01T19:54:00,Initech
TXN0000381,15450.21,EUR,2026-01-16T13:15:00,Umbrella Ltd
TXN0000382,9608.34,EUR,2026-01-08T01:14:00,Acme Corp
TXN0000383,14796.65,USD,2026-01-24T02:31:00,Stark Industries
TXN0000384,41757.64,USD,2026-01-16T07:50:00,Stark Industries
TXN0000385,6561.14,INR,2026-01-08T00:29:00,Globex
TXN0000386,9050.49,EUR,2026-01-20T22:03:00,Acme Corp
TXN0000387,20548.82,EUR,2026-01-21T05:11:00,Stark Industries
TXN0000388,14253.55,INR,2026-01-11T15:35:00,Stark Industries
TXN0000389,11966.03,INR,2026-01-09T19:55:00,Initech
TXN0000390,33918.56,INR,2026-01-22T00:16:00,Initech
TXN0000391,38908.42,INR,2026-01-08T09:00:00,Globex
TXN0000392,40064.95,EUR,2026-01-12T09:04:00,Acme Corp
TXN0000393,32062.54,GBP,2026-01-26T05:42:00,Acme Corp
TXN0000394,35572.93,USD,2026-01-13T23:21:00,Acme Corp
TXN0000395,38158.21,GBP,2026-01-21T10:46:00,Stark Industries
TXN0000396,7375.96,INR,2026-01-05T04:10:00,Globex
TXN0000397,40837.0,GBP,2026-01-02T05:07:00,Umbrella Ltd
TXN0000398,2672.31,GBP,2026-01-11T17:31:00,Umbrella Ltd
TXN0000399,49726.32,GBP,2026-01-11T05:15:00,Acme Corp
TXN0000400,15941.06,USD,2026-01-30T13:55:00,Initech
TXN0000401,39571.12,EUR,2026-01-02T17:50:00,Initech
TXN0000402,45870.63,INR,2026-01-07T07:35:00,Wayne Enterprises
TXN0000403,23460.82,USD,2026-01-04T14:32:00,Acme Corp
TXN0000404,12803.64,EUR,2026-01-25T23:26:00,Wayne Enterprises
TXN0000405,30447.92,INR,2026-01-06T01:26:00,Initech
TXN0000406,11889.63,USD,2026-01-03T04:09:00,Globex
TXN0000407,20997.08,INR,2026-01-03T20:36:00,Acme Corp
TXN0000408,41836.02,INR,2026-01-28T03:47:00,Stark Industries
TXN0000409,831.6,EUR,2026-01-07T12:49:00,Initech
TXN0000410,21467.65,GBP,2026-01-11T22:45:00,Stark Industries
TXN0000411,20834.21,USD,2026-01-24T19:47:00,Initech
TXN0000412,3393.29,USD,2026-01-18T18:28:00,Umbrella Ltd
TXN0000413,2186.29,INR,2026-01-17T23:44:00,Initech
TXN0000414,37368.36,GBP,2026-01-04T01:47:00,Initech
TXN0000415,12063.88,USD,2026-01-27T11:35:00,Wayne Enterprises
TXN0000416,37836.38,EUR,2026-01-03T00:25:00,Initech
TXN0000417,27305.23,EUR,2026-01-22T03:29:00,Wayne Enterprises
TXN0000418,23931.77,EUR,2026-01-07T03:17:00,Acme Corp
TXN0000419,35805.09,INR,2026-01-02T16:23:00,Initech
TXN0000420,10087.53,EUR,2026-01-02T21:46:00,Initech
TXN0000421,46669.22,INR,2026-01-25T17:08:00,Umbrella Ltd
TXN0000422,12673.16,EUR,2026-01-14T00:30:00,Initech
TXN0000423,43108.31,USD,2026-01-30T20:14:00,Initech
TXN0000424,13668.1,GBP,2026-01-20T21:16:00,Umbrella Ltd
TXN0000425,37167.95,INR,2026-01-16T10:19:00,Globex
TXN0000426,24815.2,INR,2026-01-17T17:14:00,Stark Industries
TXN0000427,13343.37,USD,2026-01-20T07:40:00,Acme Corp
TXN0000428,21536.05,EUR,2026-01-25T19:48:00,Initech
TXN0000429,16067.36,USD,2026-01-15T22:10:00,Wayne Enterprises
TXN0000430,14789.04,INR,2026-01-28T10:13:00,Wayne Enterprises
TXN0000431,21311.54,INR,2026-01-16T23:58:00,Umbrella Ltd
TXN0000432,2127.33,GBP,2026-01-28T23:34:00,Umbrella Ltd
TXN0000433,13735.02,USD,2026-01-04T09:57:00,Wayne Enterprises
TXN0000434,31879.25,GBP,2026-01-24T08:25:00,Wayne Enterprises
TXN0000435,33973.74,USD,2026-01-07T11:57:00,Stark Industries
TXN0000436,33907.66,INR,2026-01-02T14:00:00,Globex
TXN0000437,3371.0,GBP,2026-01-17T11:33:00,Umbrella Ltd
TXN0000438,47473.86,USD,2026-01-28T12:55:00,Globex
TXN0000439,33956.31,GBP,2026-01-17T22:20:00,Umbrella Ltd
TXN0000440,38156.59,EUR,2026-01-25T02:18:00,Initech
TXN0000441,19907.72,GBP,2026-01-12T08:38:00,Acme Corp
TXN0000442,1305.41,EUR,2026-01-23T17:05:00,Stark Industries
TXN0000443,19355.5,USD,2026-01-12T21:55:00,Initech
TXN0000444,35204.85,EUR,2026-01-28T20:19:00,Initech
TXN0000445,34702.09,INR,2026-01-10T02:38:00,Acme Corp
TXN0000446,6795.06,USD,2026-01-21T13:45:00,Globex
TXN0000447,44934.96,INR,2026-01-04T23:53:00,Wayne Enterprises
TXN0000448,48378.39,GBP,2026-01-16T19:28:00,Wayne Enterprises
TXN0000449,3256.3,GBP,2026-01-14T15:37:00,Globex
TXN0000450,35593.34,EUR,2026-01-17T10:50:00,Stark Industries
TXN0000451,11219.84,EUR,2026-01-07T07:41:00,Globex
TXN0000452,39520.75,USD,2026-01-17T10:11:00,Stark Industries
TXN0000453,28618.15,INR,2026-01-26T02:32:00,Globex
TXN0000454,30601.3,USD,2026-01-03T23:48:00,Initech
TXN0000455,19914.02,INR,2026-01-24T22:11:00,Umbrella Ltd
TXN0000456,38460.54,USD,2026-01-06T16:53:00,Initech
TXN0000457,32120.51,INR,2026-01-22T04:48:00,Wayne Enterprises
TXN0000458,25872.83,EUR,2026-01-26T02:10:00,Wayne Enterprises
TXN0000459,29393.42,EUR,2026-01-20T16:32:00,Stark Industries
TXN0000460,45536.51,USD,2026-01-06T15:37:00,Stark Industries
TXN0000461,7659.24,EUR,2026-01-08T08:54:00,Initech
TXN0000462,46737.54,EUR,2026-01-16T17:56:00,Stark Industries
TXN0000463,44747.35,USD,2026-01-12T09:43:00,Globex
TXN0000464,31756.5,GBP,2026-01-06T16:43:00,Wayne Enterprises
TXN0000465,15148.2,USD,2026-01-23T20:56:00,Wayne Enterprises
TXN0000466,8440.11,EUR,2026-01-08T18:59:00,Wayne Enterprises
TXN0000467,31227.71,GBP,2026-01-26T15:37:00,Acme Corp
TXN0000468,41263.56,USD,2026-01-04T16:43:00,Acme Corp
TXN0000469,47427.86,GBP,2026-01-30T15:12:00,Globex
TXN0000470,38350.28,INR,2026-01-29T03:08:00,Wayne Enterprises
TXN0000471,1523.99,GBP,2026-01-30T05:08:00,Initech
TXN0000472,24152.41,INR,2026-01-14T12:52:00,Umbrella Ltd
TXN0000473,3657.92,USD,2026-01-08T04:39:00,Umbrella Ltd
TXN0000474,20786.93,INR,2026-01-10T06:50:00,Initech
TXN0000475,30336.95,GBP,2026-01-15T12:46:00,Wayne Enterprises
TXN0000476,49401.29,GBP,2026-01-19T03:30:00,Globex
TXN0000477,38035.64,USD,2026-01-15T12:33:00,Globex
TXN0000478,23328.96,GBP,2026-01-21T11:04:00,Globex
TXN0000479,7052.47,USD,2026-01-14T04:59:00,Umbrella Ltd
TXN0000480,43209.55,INR,2026-01-12T07:10:00,Globex
TXN0000481,40675.76,GBP,2026-01-09T15:20:00,Globex
TXN0000482,24918.29,INR,2026-01-23T16:46:00,Initech
TXN0000483,24873.54,USD,2026-01-18T21:31:00,Stark Industries
TXN0000484,22866.96,EUR,2026-01-10T18:59:00,Stark Industries
TXN0000485,17651.23,USD,2026-01-13T19:18:00,Umbrella Ltd
TXN0000486,29879.96,INR,2026-01-14T00:06:00,Stark Industries
TXN0000487,418.79,USD,2026-01-20T14:41:00,Globex
TXN0000488,44123.96,GBP,2026-01-19T08:27:00,Initech
TXN0000489,2271.67,USD,2026-01-26T22:53:00,Stark Industries
TXN0000490,9740.82,GBP,2026-01-04T08:18:00,Umbrella Ltd
TXN0000491,25217.73,GBP,2026-01-29T08:44:00,Wayne Enterprises
TXN0000492,30556.05,EUR,2026-01-05T09:36:00,Umbrella Ltd
TXN0000493,18666.18,GBP,2026-01-26T09:18:00,Initech
TXN0000494,37750.71,EUR,2026-01-28T10:03:00,Stark Industries
TXN0000495,20075.34,USD,2026-01-03T01:29:00,Acme Corp
TXN0000496,6860.45,GBP,2026-01-22T13:27:00,Stark Industries
TXN0000497,22854.86,EUR,2026-01-15T22:13:00,Stark Industries
TXN0000498,15933.32,INR,2026-01-29T01:22:00,Wayne Enterprises
TXN0000499,42131.67,GBP,2026-01-24T02:07:00,Stark Industries
TXN0000500,26621.67,GBP,2026-01-22T14:42:00,Acme Corp
TXN0000501,18424.21,USD,2026-01-19T22:58:00,Stark Industries
TXN0000502,15390.81,USD,2026-01-28T03:59:00,Umbrella Ltd
TXN0000503,13283.87,EUR,2026-01-03T08:05:00,Stark Industries
TXN0000504,24027.63,INR,2026-01-07T17:24:00,Wayne Enterprises
TXN0000505,12117.41,USD,2026-01-09T16:23:00,Acme Corp
TXN0000506,22057.52,INR,2026-01-07T21:24:00,Umbrella Ltd
TXN0000507,34528.11,INR,2026-01-23T20:07:00,Stark Industries
TXN0000508,46026.84,USD,2026-01-07T06:49:00,Stark Industries
TXN0000509,10375.01,GBP,2026-01-22T18:30:00,Stark Industries
TXN0000510,18847.47,EUR,2026-01-21T22:04:00,Stark Industries
TXN0000511,17122.93,GBP,2026-01-30T06:39:00,Wayne Enterprises
TXN0000512,13225.47,INR,2026-01-09T18:00:00,Globex
TXN0000513,13957.53,GBP,2026-01-11T05:36:00,Initech
TXN0000514,38561.0,EUR,2026-01-23T06:07:00,Initech
TXN0000515,23995.37,GBP,2026-01-14T02:20:00,Acme Corp
TXN0000516,28678.11,INR,2026-01-18T22:56:00,Initech
TXN0000517,47730.9,EUR,2026-01-14T05:15:00,Acme Corp
TXN0000518,14388.64,USD,2026-01-16T18:19:00,Umbrella Ltd
TXN0000519,32802.04,INR,2026-01-10T17:43:00,Globex
TXN0000520,41399.31,GBP,2026-01-26T13:52:00,Wayne Enterprises
TXN0000521,13588.36,USD,2026-01-29T00:29:00,Wayne Enterprises
TXN0000522,29345.66,EUR,2026-01-03T07:26:00,Wayne Enterprises
TXN0000523,45260.16,EUR,2026-01-30T00:48:00,Globex
TXN0000524,2634.03,INR,2026-01-16T00:46:00,Wayne Enterprises
TXN0000525,23625.47,EUR,2026-01-01T05:39:00,Stark Industries
TXN0000526,48895.76,EUR,2026-01-19T12:27:00,Wayne Enterprises
TXN0000527,46752.25,INR,2026-01-22T17:30:00,Wayne Enterprises
TXN0000528,9980.8,GBP,2026-01-15T14:48:00,Initech
TXN0000529,32298.44,USD,2026-01-30T16:29:00,Stark Industries
TXN0000530,11618.69,USD,2026-01-08T23:13:00,Umbrella Ltd
TXN0000531,44113.43,EUR,2026-01-02T15:41:00,Umbrella Ltd
TXN0000532,39400.15,EUR,2026-01-14T04:10:00,Acme Corp
TXN0000533,473.27,USD,2026-01-16T05:57:00,Initech
TXN0000534,22722.91,INR,2026-01-07T02:34:00,Stark Industries
TXN0000535,23406.36,EUR,2026-01-06T03:02:00,Initech
TXN0000536,8133.09,INR,2026-01-30T12:06:00,Initech
TXN0000537,35932.72,USD,2026-01-16T08:12:00,Initech
TXN0000538,28393.38,EUR,2026-01-08T23:41:00,Stark Industries
TXN0000539,42808.76,INR,2026-01-20T11:09:00,Stark Industries
TXN0000540,16403.05,INR,2026-01-05T08:11:00,Globex
TXN0000541,49084.44,INR,2026-01-15T17:27:00,Globex
TXN0000542,351.44,INR,2026-01-11T17:15:00,Umbrella Ltd
TXN0000543,37690.3,GBP,2026-01-14T17:48:00,Stark Industries
TXN0000544,36146.9,USD,2026-01-12T21:41:00,Wayne Enterprises
TXN0000545,17984.01,EUR,2026-01-03T19:51:00,Wayne Enterprises
TXN0000546,5920.06,GBP,2026-01-08T06:27:00,Umbrella Ltd
TXN0000547,34306.82,GBP,2026-01-06T08:14:00,Wayne Enterprises
TXN0000548,45807.36,GBP,2026-01-17T17:27:00,Stark Industries
TXN0000549,11050.25,EUR,2026-01-22T18:18:00,Globex
TXN0000550,22754.38,GBP,2026-01-19T22:12:00,Wayne Enterprises
TXN0000551,27466.23,INR,2026-01-25T11:06:00,Wayne Enterprises
TXN0000552,41281.92,EUR,2026-01-28T02:47:00,Acme Corp
TXN0000553,26280.08,GBP,2026-01-04T13:18:00,Stark Industries
TXN0000554,5619.32,EUR,2026-01-27T01:32:00,Stark Industries
TXN0000555,7501.12,GBP,2026-01-24T16:21:00,Umbrella Ltd
TXN0000556,5820.84,EUR,2026-01-27T12:57:00,Umbrella Ltd
TXN0000557,4556.17,INR,2026-01-03T12:46:00,Umbrella Ltd
TXN0000558,6605.9,INR,2026-01-21T18:56:00,Stark Industries
TXN0000559,2896.26,INR,2026-01-15T00:36:00,Wayne Enterprises
TXN0000560,1098.31,GBP,2026-01-01T03:17:00,Wayne Enterprises
TXN0000561,10902.89,USD,2026-01-03T01:28:00,Umbrella Ltd
TXN0000562,17233.0,USD,2026-01-25T15:05:00,Acme Corp
TXN0000563,46729.79,USD,2026-01-22T11:37:00,Acme Corp
TXN0000564,14361.66,EUR,2026-01-07T03:55:00,Wayne Enterprises
TXN0000565,48916.88,INR,2026-01-18T01:00:00,Umbrella Ltd
TXN0000566,22432.37,INR,2026-01-18T02:18:00,Acme Corp
TXN0000567,34139.69,EUR,2026-01-30T17:50:00,Initech
TXN0000568,5940.47,INR,2026-01-25T01:38:00,Globex
TXN0000569,36395.63,EUR,2026-01-01T03:47:00,Acme Corp
TXN0000570,48924.75,INR,2026-01-25T18:40:00,Umbrella Ltd
TXN0000571,26601.36,EUR,2026-01-12T06:20:00,Umbrella Ltd
TXN0000572,17314.53,GBP,2026-01-09T13:52:00,Wayne Enterprises
TXN0000573,38276.84,USD,2026-01-20T01:55:00,Stark Industries
TXN0000574,38305.01,USD,2026-01-11T22:52:00,Globex
TXN0000575,3373.87,USD,2026-01-21T07:37:00,Stark Industries
TXN0000576,33604.46,USD,2026-01-12T03:18:00,Wayne Enterprises
TXN0000577,2221.39,INR,2026-01-11T15:57:00,Stark Industries
TXN0000578,10871.29,USD,2026-01-07T09:03:00,Stark Industries
TXN0000579,49674.24,EUR,2026-01-27T05:15:00,Initech
TXN0000580,28877.97,GBP,2026-01-11T18:45:00,Initech
TXN0000581,43814.15,EUR,2026-01-19T19:43:00,Initech
TXN0000582,13764.94,EUR,2026-01-29T11:45:00,Wayne Enterprises
TXN0000583,21365.76,INR,2026-01-03T03:12:00,Initech
TXN0000584,47079.9,INR,2026-01-24T20:51:00,Initech
TXN0000585,34818.46,INR,2026-01-07T18:59:00,Initech
TXN0000586,18829.24,INR,2026-01-11T23:12:00,Globex
TXN0000587,15043.81,EUR,2026-01-22T01:44:00,Acme Corp
TXN0000588,28123.67,INR,2026-01-26T08:42:00,Stark Industries
TXN0000589,6713.3,EUR,2026-01-12T14:31:00,Globex
TXN0000590,16519.85,USD,2026-01-21T11:17:00,Initech
TXN0000591,4632.28,EUR,2026-01-03T08:17:00,Initech
TXN0000592,18864.63,USD,2026-01-04T07:29:00,Globex
TXN0000593,40234.48,EUR,2026-01-22T19:37:00,Globex
TXN0000594,43475.0,GBP,2026-01-14T19:09:00,Acme Corp
TXN0000595,10598.27,EUR,2026-01-06T08:08:00,Wayne Enterprises
TXN0000596,49978.6,INR,2026-01-12T00:58:00,Wayne Enterprises
TXN0000597,30224.03,EUR,2026-01-19T01:13:00,Globex
TXN0000598,27608.44,GBP,2026-01-18T07:47:00,Umbrella Ltd
TXN0000599,26687.17,GBP,2026-01-15T00:52:00,Initech
TXN0000600,17988.63,INR,2026-01-22T05:00:00,Acme Corp
TXN0000601,40142.8,INR,2026-01-15T13:46:00,Globex
TXN0000602,18541.54,INR,2026-01-03T01:56:00,Stark Industries
TXN0000603,43205.6,EUR,2026-01-01T17:42:00,Initech
TXN0000604,27670.05,INR,2026-01-14T10:25:00,Globex
TXN0000605,9817.63,EUR,2026-01-18T06:53:00,Stark Industries
TXN0000606,41669.8,INR,2026-01-26T01:26:00,Wayne Enterprises
TXN0000607,47173.79,GBP,2026-01-12T17:04:00,Umbrella Ltd
TXN0000608,48325.75,INR,2026-01-21T23:20:00,Globex
TXN0000609,36641.28,GBP,2026-01-08T16:52:00,Globex
TXN0000610,36018.47,INR,2026-01-09T09:01:00,Stark Industries
TXN0000611,49516.27,USD,2026-01-24T20:17:00,Acme Corp
TXN0000612,41955.03,USD,2026-01-03T04:59:00,Acme Corp
TXN0000613,20625.49,EUR,2026-01-04T02:14:00,Wayne Enterprises
TXN0000614,7559.97,EUR,2026-01-24T00:23:00,Umbrella Ltd
TXN0000615,18666.3,INR,2026-01-23T04:52:00,Acme Corp
TXN0000616,340.55,INR,2026-01-01T12:56:00,Acme Corp
TXN0000617,26475.59,GBP,2026-01-25T09:10:00,Initech
TXN0000618,866.96,INR,2026-01-09T03:48:00,Acme Corp
TXN0000619,45903.26,EUR,2026-01-11T23:12:00,Globex
TXN0000620,30992.84,GBP,2026-01-17T03:08:00,Initech
TXN0000621,39748.87,USD,2026-01-17T23:28:00,Umbrella Ltd
TXN0000622,22955.3,EUR,2026-01-11T06:41:00,Initech
TXN0000623,34205.24,USD,2026-01-30T18:03:00,Wayne Enterprises
TXN0000624,37981.7,USD,2026-01-19T10:40:00,Umbrella Ltd
TXN0000625,18864.71,INR,2026-01-03T13:17:00,Wayne Enterprises
TXN0000626,482.41,EUR,2026-01-04T18:18:00,Umbrella Ltd
TXN0000627,42268.04,GBP,2026-01-26T18:03:00,Acme Corp
TXN0000628,44740.61,USD,2026-01-11T10:57:00,Globex
TXN0000629,45064.64,INR,2026-01-13T08:06:00,Acme Corp
TXN0000630,46208.72,GBP,2026-01-25T17:08:00,Stark Industries
TXN0000631,32908.88,EUR,2026-01-15T07:30:00,Acme Corp
TXN0000632,48073.84,EUR,2026-01-19T03:02:00,Acme Corp
TXN0000633,14970.85,EUR,2026-01-26T18:58:00,Umbrella Ltd
TXN0000634,33854.98,GBP,2026-01-18T11:15:00,Wayne Enterprises
TXN0000635,7006.13,USD,2026-01-23T18:59:00,Wayne Enterprises
TXN0000636,48716.42,USD,2026-01-05T10:41:00,Umbrella Ltd
TXN0000637,11614.88,USD,2026-01-16T12:01:00,Stark Industries
TXN0000638,38452.59,INR,2026-01-15T20:29:00,Acme Corp
TXN0000639,31709.81,INR,2026-01-23T07:52:00,Globex
TXN0000640,17797.0,INR,2026-01-20T15:41:00,Globex
TXN0000641,33987.95,INR,2026-01-04T21:36:00,Stark Industries
TXN0000642,14776.02,EUR,2026-01-04T08:17:00,Acme Corp
TXN0000643,13405.92,INR,2026-01-29T20:23:00,Globex
TXN0000644,36985.37,GBP,2026-01-17T09:58:00,Acme Corp
TXN0000645,4585.11,GBP,2026-01-21T05:46:00,Initech
TXN0000646,38069.71,USD,2026-01-07T00:43:00,Acme Corp
TXN0000647,9377.72,INR,2026-01-26T08:22:00,Stark Industries
TXN0000648,25626.92,USD,2026-01-02T04:41:00,Acme Corp
TXN0000649,17702.18,USD,2026-01-28T04:00:00,Stark Industries
TXN0000650,39224.09,INR,2026-01-01T13:28:00,Initech
TXN0000651,20696.37,USD,2026-01-26T11:09:00,Globex
TXN0000652,28602.3,EUR,2026-01-18T07:51:00,Globex
TXN0000653,6950.61,GBP,2026-01-13T05:10:00,Umbrella Ltd
TXN0000654,7305.28,EUR,2026-01-20T18:46:00,Initech
TXN0000655,21060.91,INR,2026-01-04T12:01:00,Initech
TXN0000656,12592.47,EUR,2026-01-29T10:42:00,Umbrella Ltd
TXN0000657,29694.38,EUR,2026-01-21T20:06:00,Acme Corp
TXN0000658,6783.12,USD,2026-01-19T00:12:00,Initech
TXN0000659,42082.25,INR,2026-01-15T23:56:00,Umbrella Ltd
TXN0000660,16743.46,EUR,2026-01-14T16:09:00,Initech
TXN0000661,30164.53,EUR,2026-01-22T19:12:00,Initech
TXN0000662,8890.09,INR,2026-01-15T12:35:00,Initech
TXN0000663,36746.37,INR,2026-01-27T05:00:00,Globex
TXN0000664,16301.05,GBP,2026-01-18T21:11:00,Initech
TXN0000665,5703.25,EUR,2026-01-27T22:52:00,Stark Industries
TXN0000666,9004.56,USD,2026-01-22T00:12:00,Wayne Enterprises
TXN0000667,10490.32,GBP,2026-01-04T03:32:00,Umbrella Ltd
TXN0000668,33652.15,EUR,2026-01-29T19:46:00,Initech
TXN0000669,12108.64,EUR,2026-01-20T06:10:00,Umbrella Ltd
TXN0000670,3707.52,INR,2026-01-27T11:57:00,Umbrella Ltd
TXN0000671,26723.03,INR,2026-01-25T17:48:00,Acme Corp
TXN0000672,39538.14,GBP,2026-01-25T10:26:00,Stark Industries
TXN0000673,31912.64,USD,2026-01-05T23:27:00,Globex
TXN0000674,32883.51,GBP,2026-01-08T13:41:00,Wayne Enterprises
TXN0000675,30637.77,INR,2026-01-16T02:11:00,Umbrella Ltd
TXN0000676,5306.17,USD,2026-01-12T18:36:00,Globex
TXN0000677,25538.71,EUR,2026-01-21T06:54:00,Initech
TXN0000678,19562.8,EUR,2026-01-16T16:47:00,Acme Corp
TXN0000679,24143.73,GBP,2026-01-19T22:21:00,Acme Corp
TXN0000680,5812.31,EUR,2026-01-16T20:28:00,Initech
TXN0000681,17159.9,EUR,2026-01-24T17:11:00,Umbrella Ltd
TXN0000682,17421.53,USD,2026-01-20T22:35:00,Wayne Enterprises
TXN0000683,34841.2,GBP,2026-01-04T01:22:00,Initech
TXN0000684,2243.71,USD,2026-01-02T00:40:00,Initech
TXN0000685,32402.02,EUR,2026-01-12T02:25:00,Stark Industries
TXN0000686,8730.92,EUR,2026-01-16T01:31:00,Stark Industries
TXN0000687,21324.21,INR,2026-01-11T13:14:00,Umbrella Ltd
TXN0000688,31491.72,EUR,2026-01-30T03:34:00,Wayne Enterprises
TXN0000689,21612.4,USD,2026-01-28T22:46:00,Globex
TXN0000690,22484.25,INR,2026-01-18T16:42:00,Acme Corp
TXN0000691,35239.73,EUR,2026-01-13T16:01:00,Wayne Enterprises
TXN0000692,40438.4,USD,2026-01-27T06:37:00,Acme Corp
TXN0000693,39977.12,EUR,2026-01-17T15:32:00,Initech
TXN0000694,9861.74,USD,2026-01-12T22:33:00,Wayne Enterprises
TXN0000695,43133.2,GBP,2026-01-28T04:03:00,Umbrella Ltd
TXN0000696,30569.31,USD,2026-01-16T20:01:00,Initech
TXN0000697,42277.43,EUR,2026-01-14T12:53:00,Stark Industries
TXN0000698,29512.52,EUR,2026-01-15T06:04:00,Acme Corp
TXN0000699,11936.25,USD,2026-01-09T07:56:00,Initech
TXN0000700,34674.89,INR,2026-01-20T00:49:00,Stark Industries
TXN0000701,6901.99,INR,2026-01-20T06:04:00,Globex
TXN0000702,24338.64,EUR,2026-01-26T06:06:00,Globex
TXN0000703,24487.2,EUR,2026-01-09T12:21:00,Initech
TXN0000704,42100.84,USD,2026-01-17T08:09:00,Acme Corp
TXN0000705,24235.6,EUR,2026-01-18T11:22:00,Stark Industries
TXN0000706,25276.85,INR,2026-01-19T14:53:00,Wayne Enterprises
TXN0000707,24591.38,INR,2026-01-23T05:47:00,Globex
TXN0000708,4142.7,USD,2026-01-11T00:52:00,Initech
TXN0000709,1644.43,EUR,2026-01-25T11:12:00,Initech
TXN0000710,8418.77,INR,2026-01-26T17:50:00,Wayne Enterprises
TXN0000711,38629.66,INR,2026-01-26T00:26:00,Stark Industries
TXN0000712,5669.42,USD,2026-01-13T04:36:00,Stark Industries
TXN0000713,41165.91,GBP,2026-01-25T16:03:00,Acme Corp
TXN0000714,38002.61,INR,2026-01-25T20:45:00,Globex
TXN0000715,49488.89,USD,2026-01-30T17:59:00,Globex
TXN0000716,14892.47,USD,2026-01-21T11:13:00,Initech
TXN0000717,17435.36,USD,2026-01-20T23:34:00,Acme Corp
TXN0000718,38783.83,EUR,2026-01-10T13:14:00,Wayne Enterprises
TXN0000719,29400.32,GBP,2026-01-28T18:34:00,Wayne Enterprises
TXN0000720,21414.07,EUR,2026-01-10T09:41:00,Globex
TXN0000721,40273.97,GBP,2026-01-25T05:23:00,Initech
TXN0000722,29846.92,EUR,2026-01-15T17:30:00,Wayne Enterprises
TXN0000723,14638.81,GBP,2026-01-24T09:52:00,Wayne Enterprises
TXN0000724,40760.89,EUR,2026-01-19T17:34:00,Acme Corp
TXN0000725,49624.39,EUR,2026-01-07T00:56:00,Globex
TXN0000726,7320.71,GBP,2026-01-12T06:23:00,Wayne Enterprises
TXN0000727,19641.11,EUR,2026-01-27T06:42:00,Wayne Enterprises
TXN0000728,13443.17,INR,2026-01-18T01:47:00,Umbrella Ltd
TXN0000729,3785.06,USD,2026-01-19T08:01:00,Stark Industries
TXN0000730,37492.62,GBP,2026-01-21T16:38:00,Umbrella Ltd
TXN0000731,16371.19,USD,2026-01-05T05:44:00,Wayne Enterprises
TXN0000732,48607.79,GBP,2026-01-03T21:10:00,Stark Industries
TXN0000733,19891.82,INR,2026-01-10T15:23:00,Umbrella Ltd
TXN0000734,13434.16,GBP,2026-01-16T08:55:00,Stark Industries
TXN0000735,28900.9,INR,2026-01-16T15:27:00,Wayne Enterprises
TXN0000736,38115.08,USD,2026-01-05T12:45:00,Wayne Enterprises
TXN0000737,39196.65,INR,2026-01-01T17:47:00,Acme Corp
TXN0000738,46472.35,EUR,2026-01-21T02:00:00,Umbrella Ltd
TXN0000739,43.79,INR,2026-01-10T04:59:00,Wayne Enterprises
TXN0000740,45471.27,GBP,2026-01-08T05:38:00,Initech
TXN0000741,4676.07,GBP,2026-01-12T09:29:00,Acme Corp
TXN0000742,18598.47,EUR,2026-01-03T08:33:00,Umbrella Ltd
TXN0000743,31283.96,EUR,2026-01-20T12:50:00,Wayne Enterprises
TXN0000744,4569.05,USD,2026-01-01T01:11:00,Globex
TXN0000745,23845.57,EUR,2026-01-28T00:27:00,Globex
TXN0000746,25977.02,INR,2026-01-01T10:08:00,Acme Corp
TXN0000747,34782.9,USD,2026-01-20T05:16:00,Wayne Enterprises
TXN0000748,6617.44,USD,2026-01-11T10:04:00,Umbrella Ltd
TXN0000749,4475.66,USD,2026-01-05T16:43:00,Initech
TXN0000750,18384.41,GBP,2026-01-07T05:46:00,Umbrella Ltd
TXN0000751,38675.29,EUR,2026-01-30T04:46:00,Wayne Enterprises
TXN0000752,7151.22,USD,2026-01-28T18:37:00,Wayne Enterprises
TXN0000753,8214.19,GBP,2026-01-10T16:42:00,Wayne Enterprises
TXN0000754,37415.96,INR,2026-01-29T00:55:00,Wayne Enterprises
TXN0000755,22124.77,EUR,2026-01-04T22:41:00,Acme Corp
TXN0000756,7009.26,USD,2026-01-27T19:58:00,Wayne Enterprises
TXN0000757,19207.76,INR,2026-01-15T07:31:00,Globex
TXN0000758,12396.84,USD,2026-01-12T07:03:00,Stark Industries
TXN0000759,30053.94,GBP,2026-01-02T05:17:00,Wayne Enterprises
TXN0000760,43792.6,EUR,2026-01-24T13:31:00,Stark Industries
TXN0000761,25481.03,INR,2026-01-14T10:48:00,Wayne Enterprises
TXN0000762,2737.91,EUR,2026-01-23T12:32:00,Umbrella Ltd
TXN0000763,5646.06,INR,2026-01-30T00:57:00,Stark Industries
TXN0000764,3559.89,USD,2026-01-17T10:24:00,Initech
TXN0000765,6607.82,INR,2026-01-17T15:07:00,Stark Industries
TXN0000766,34150.27,INR,2026-01-04T07:43:00,Acme Corp
TXN0000767,29372.3,USD,2026-01-12T22:22:00,Globex
TXN0000768,2000.94,USD,2026-01-19T02:41:00,Stark Industries
TXN0000769,14331.53,INR,2026-01-20T06:39:00,Wayne Enterprises
TXN0000770,20119.85,EUR,2026-01-13T15:04:00,Acme Corp
TXN0000771,15502.25,EUR,2026-01-08T01:42:00,Stark Industries
TXN0000772,16344.25,USD,2026-01-15T02:47:00,Wayne Enterprises
TXN0000773,21879.93,EUR,2026-01-03T15:14:00,Globex
TXN0000774,4319.78,INR,2026-01-06T06:41:00,Umbrella Ltd
TXN0000775,30618.72,USD,2026-01-15T01:49:00,Wayne Enterprises
TXN0000776,37087.26,EUR,2026-01-06T10:27:00,Acme Corp
TXN0000777,35397.95,USD,2026-01-08T10:56:00,Umbrella Ltd
TXN0000778,47651.28,GBP,2026-01-08T14:22:00,Initech
TXN0000779,6355.26,GBP,2026-01-06T08:56:00,Acme Corp
TXN0000780,16757.2,INR,2026-01-13T09:04:00,Stark Industries
TXN0000781,3202.96,USD,2026-01-23T13:55:00,Umbrella Ltd
TXN0000782,25543.99,USD,2026-01-23T17:42:00,Stark Industries
TXN0000783,8352.4,EUR,2026-01-12T14:39:00,Acme Corp
TXN0000784,44714.48,USD,2026-01-11T09:28:00,Wayne Enterprises
TXN0000785,25446.16,USD,2026-01-01T13:25:00,Globex
TXN0000786,2308.62,GBP,2026-01-18T10:18:00,Globex
TXN0000787,8956.26,USD,2026-01-26T03:52:00,Wayne Enterprises
TXN0000788,37035.88,INR,2026-01-11T05:13:00,Initech
TXN0000789,12420.68,GBP,2026-01-13T08:17:00,Acme Corp
TXN0000790,28581.08,USD,2026-01-23T20:21:00,Wayne Enterprises
TXN0000791,45098.03,EUR,2026-01-11T03:46:00,Stark Industries
TXN0000792,49070.88,INR,2026-01-04T03:17:00,Umbrella Ltd
TXN0000793,43302.95,GBP,2026-01-15T21:29:00,Acme Corp
TXN0000794,27659.04,USD,2026-01-17T18:57:00,Globex
TXN0000795,14586.84,GBP,2026-01-29T08:10:00,Globex
TXN0000796,23201.7,INR,2026-01-09T21:27:00,Wayne Enterprises
TXN0000797,45023.16,EUR,2026-01-07T20:27:00,Acme Corp
TXN0000798,46620.55,USD,2026-01-11T14:29:00,Stark Industries
TXN0000799,17327.72,USD,2026-01-16T05:55:00,Acme Corp
TXN0000800,37948.87,INR,2026-01-14T23:53:00,Acme Corp
TXN0000801,10267.67,EUR,2026-01-20T02:33:00,Umbrella Ltd
TXN0000802,48059.64,EUR,2026-01-13T17:38:00,Acme Corp
TXN0000803,2204.57,EUR,2026-01-24T15:42:00,Umbrella Ltd
TXN0000804,35045.34,GBP,2026-01-21T20:45:00,Wayne Enterprises
TXN0000805,4254.27,USD,2026-01-24T00:03:00,Globex
TXN0000806,31864.41,INR,2026-01-04T09:44:00,Stark Industries
TXN0000807,28395.36,INR,2026-01-06T22:46:00,Globex
TXN0000808,14590.88,GBP,2026-01-18T21:12:00,Wayne Enterprises
TXN0000809,41596.67,GBP,2026-01-15T11:24:00,Umbrella Ltd
TXN0000810,13605.07,USD,2026-01-10T05:24:00,Globex
TXN0000811,38999.05,USD,2026-01-08T01:44:00,Acme Corp
TXN0000812,8227.11,INR,2026-01-15T07:00:00,Umbrella Ltd
TXN0000813,6045.63,GBP,2026-01-10T10:47:00,Umbrella Ltd
TXN0000814,15422.3,GBP,2026-01-06T10:58:00,Acme Corp
TXN0000815,7889.19,GBP,2026-01-28T10:58:00,Acme Corp
TXN0000816,10758.89,GBP,2026-01-07T18:00:00,Acme Corp
TXN0000817,35560.76,GBP,2026-01-19T00:48:00,Stark Industries
TXN0000818,2457.04,GBP,2026-01-12T20:10:00,Globex
TXN0000819,1563.79,INR,2026-01-21T13:55:00,Stark Industries
TXN0000820,37406.44,EUR,2026-01-05T07:27:00,Umbrella Ltd
TXN0000821,5104.35,EUR,2026-01-06T12:39:00,Acme Corp
TXN0000822,3092.84,EUR,2026-01-06T22:46:00,Globex
TXN0000823,41185.43,GBP,2026-01-29T16:27:00,Wayne Enterprises
TXN0000824,4211.13,GBP,2026-01-04T09:54:00,Acme Corp
TXN0000825,49858.1,EUR,2026-01-30T09:35:00,Umbrella Ltd
TXN0000826,40466.84,USD,2026-01-16T02:08:00,Acme Corp
TXN0000827,2144.39,INR,2026-01-03T07:18:00,Globex
TXN0000828,46207.34,INR,2026-01-18T23:26:00,Umbrella Ltd
TXN0000829,1483.82,INR,2026-01-08T20:45:00,Initech
TXN0000830,10743.66,EUR,2026-01-13T12:21:00,Initech
TXN0000831,22306.11,EUR,2026-01-02T13:50:00,Stark Industries
TXN0000832,30962.64,EUR,2026-01-30T11:00:00,Initech
TXN0000833,24949.59,INR,2026-01-03T18:36:00,Acme Corp
TXN0000834,13996.0,EUR,2026-01-20T01:54:00,Globex
TXN0000835,32136.2,EUR,2026-01-29T16:57:00,Stark Industries
TXN0000836,39744.36,INR,2026-01-17T08:14:00,Umbrella Ltd
TXN0000837,27230.45,INR,2026-01-16T15:46:00,Stark Industries
TXN0000838,25124.64,INR,2026-01-13T07:23:00,Globex
TXN0000839,1312.89,EUR,2026-01-02T08:00:00,Initech
TXN0000840,2938.98,INR,2026-01-25T02:16:00,Initech
TXN0000841,38344.44,EUR,2026-01-08T06:21:00,Acme Corp
TXN0000842,12400.37,EUR,2026-01-13T03:07:00,Stark Industries
TXN0000843,40816.1,USD,2026-01-10T23:39:00,Stark Industries
TXN0000844,42326.79,INR,2026-01-17T03:32:00,Globex
TXN0000845,8813.26,GBP,2026-01-17T07:53:00,Stark Industries
TXN0000846,1420.05,GBP,2026-01-26T20:01:00,Stark Industries
TXN0000847,7113.69,EUR,2026-01-23T09:38:00,Stark Industries
TXN0000848,15459.56,INR,2026-01-02T17:27:00,Acme Corp
TXN0000849,2817.84,EUR,2026-01-01T21:46:00,Stark Industries
TXN0000850,23904.67,GBP,2026-01-28T22:47:00,Globex
TXN0000851,40324.21,GBP,2026-01-09T01:50:00,Initech
TXN0000852,2987.2,EUR,2026-01-27T16:44:00,Wayne Enterprises
TXN0000853,45862.04,USD,2026-01-24T22:51:00,Initech
TXN0000854,48028.33,GBP,2026-01-19T00:05:00,Stark Industries
TXN0000855,5060.6,GBP,2026-01-15T16:22:00,Globex
TXN0000856,48793.27,INR,2026-01-30T02:14:00,Umbrella Ltd
TXN0000857,32462.52,EUR,2026-01-26T13:49:00,Wayne Enterprises
TXN0000858,44481.11,GBP,2026-01-11T03:50:00,Wayne Enterprises
TXN0000859,29451.62,EUR,2026-01-18T05:17:00,Initech
TXN0000860,36702.41,GBP,2026-01-06T19:05:00,Globex
TXN0000861,36444.26,INR,2026-01-26T19:50:00,Acme Corp
TXN0000862,9112.27,GBP,2026-01-28T19:47:00,Globex
TXN0000863,31985.94,USD,2026-01-23T13:57:00,Globex
TXN0000864,16565.11,USD,2026-01-11T19:57:00,Initech
TXN0000865,49119.16,EUR,2026-01-29T22:53:00,Acme Corp
TXN0000866,41084.87,GBP,2026-01-21T07:50:00,Acme Corp
TXN0000867,13267.97,EUR,2026-01-04T02:02:00,Initech
TXN0000868,12840.33,USD,2026-01-01T01:23:00,Acme Corp
TXN0000869,19303.0,INR,2026-01-08T13:41:00,Umbrella Ltd
TXN0000870,24659.17,INR,2026-01-16T23:38:00,Stark Industries
TXN0000871,18773.63,INR,2026-01-27T07:23:00,Wayne Enterprises
TXN0000872,37914.59,EUR,2026-01-08T09:39:00,Umbrella Ltd
TXN0000873,3694.73,USD,2026-01-14T10:07:00,Acme Corp
TXN0000874,15942.66,USD,2026-01-04T09:02:00,Initech
TXN0000875,8513.56,INR,2026-01-08T07:45:00,Wayne Enterprises
TXN0000876,3759.37,USD,2026-01-16T09:07:00,Stark Industries
TXN0000877,49263.95,INR,2026-01-02T09:51:00,Umbrella Ltd
TXN0000878,47122.69,EUR,2026-01-28T15:21:00,Umbrella Ltd
TXN0000879,7863.62,USD,2026-01-16T01:38:00,Globex
TXN0000880,48720.18,INR,2026-01-26T05:14:00,Wayne Enterprises
TXN0000881,46279.42,GBP,2026-01-13T19:29:00,Initech
TXN0000882,11885.04,USD,2026-01-18T21:09:00,Stark Industries
TXN0000883,27487.64,INR,2026-01-07T23:45:00,Acme Corp
TXN0000884,18047.84,INR,2026-01-04T23:42:00,Initech
TXN0000885,41196.63,INR,2026-01-10T02:05:00,Acme Corp
TXN0000886,1296.53,EUR,2026-01-30T01:04:00,Initech
TXN0000887,48853.11,INR,2026-01-06T06:09:00,Initech
TXN0000888,39245.98,INR,2026-01-23T06:13:00,Wayne Enterprises
TXN0000889,13257.57,INR,2026-01-09T09:56:00,Initech
TXN0000890,44275.78,GBP,2026-01-09T11:47:00,Umbrella Ltd
TXN0000891,2240.4,INR,2026-01-22T03:58:00,Initech
TXN0000892,11319.85,GBP,2026-01-26T16:18:00,Acme Corp
TXN0000893,7565.02,USD,2026-01-04T21:36:00,Wayne Enterprises
TXN0000894,17196.13,INR,2026-01-27T20:08:00,Globex
TXN0000895,27684.56,INR,2026-01-24T18:47:00,Umbrella Ltd
TXN0000896,48281.73,INR,2026-01-27T01:33:00,Globex
TXN0000897,23818.35,USD,2026-01-18T23:13:00,Wayne Enterprises
TXN0000898,1746.08,EUR,2026-01-06T11:22:00,Umbrella Ltd
TXN0000899,8652.22,EUR,2026-01-10T15:26:00,Globex
TXN0000900,6318.04,INR,2026-01-04T13:35:00,Wayne Enterprises
TXN0000901,21775.31,EUR,2026-01-28T01:57:00,Initech
TXN0000902,15994.28,USD,2026-01-04T23:03:00,Umbrella Ltd
TXN0000903,27822.65,GBP,2026-01-13T13:41:00,Stark Industries
TXN0000904,22913.28,USD,2026-01-29T08:32:00,Stark Industries
TXN0000905,26132.87,INR,2026-01-06T02:54:00,Umbrella Ltd
TXN0000906,7490.62,USD,2026-01-05T19:22:00,Stark Industries
TXN0000907,38979.44,GBP,2026-01-25T09:03:00,Initech
TXN0000908,43895.9,GBP,2026-01-18T10:23:00,Wayne Enterprises
TXN0000909,24284.38,INR,2026-01-02T16:55:00,Globex
TXN0000910,13777.95,EUR,2026-01-29T03:17:00,Stark Industries
TXN0000911,34043.84,INR,2026-01-02T18:21:00,Umbrella Ltd
TXN0000912,44479.81,GBP,2026-01-11T19:29:00,Acme Corp
TXN0000913,37290.03,GBP,2026-01-17T22:48:00,Acme Corp
TXN0000914,16899.93,GBP,2026-01-15T03:38:00,Initech
TXN0000915,42143.9,USD,2026-01-11T08:59:00,Globex
TXN0000916,15031.02,INR,2026-01-15T14:28:00,Initech
TXN0000917,36442.68,USD,2026-01-09T13:16:00,Umbrella Ltd
TXN0000918,10577.41,INR,2026-01-23T01:09:00,Stark Industries
TXN0000919,43360.78,USD,2026-01-24T10:48:00,Globex
TXN0000920,3290.19,INR,2026-01-07T04:09:00,Stark Industries
TXN0000921,43967.84,USD,2026-01-08T21:46:00,Globex
TXN0000922,43760.28,EUR,2026-01-03T14:56:00,Globex
TXN0000923,1663.22,USD,2026-01-17T09:37:00,Wayne Enterprises
TXN0000924,9963.5,GBP,2026-01-22T03:03:00,Stark Industries
TXN0000925,19853.14,USD,2026-01-02T09:22:00,Globex
TXN0000926,18629.61,INR,2026-01-09T01:58:00,Umbrella Ltd
TXN0000927,29348.14,GBP,2026-01-16T16:00:00,Globex
TXN0000928,41884.31,GBP,2026-01-05T02:43:00,Initech
TXN0000929,1382.25,USD,2026-01-08T09:56:00,Stark Industries
TXN0000930,38993.71,EUR,2026-01-11T01:46:00,Wayne Enterprises
TXN0000931,11263.35,EUR,2026-01-13T05:54:00,Wayne Enterprises
TXN0000932,20481.26,USD,2026-01-01T09:43:00,Umbrella Ltd
TXN0000933,45576.66,EUR,2026-01-28T08:36:00,Acme Corp
TXN0000934,11196.26,GBP,2026-01-30T06:02:00,Initech
TXN0000935,21196.1,INR,2026-01-16T20:53:00,Umbrella Ltd
TXN0000936,12607.42,INR,2026-01-14T18:01:00,Wayne Enterprises
TXN0000937,26036.69,INR,2026-01-27T14:24:00,Acme Corp
TXN0000938,377.31,GBP,2026-01-26T13:15:00,Wayne Enterprises
TXN0000939,29692.69,GBP,2026-01-14T14:00:00,Wayne Enterprises
TXN0000940,5414.15,USD,2026-01-16T07:18:00,Initech
TXN0000941,32033.33,GBP,2026-01-12T21:14:00,Wayne Enterprises
TXN0000942,35557.58,GBP,2026-01-09T13:44:00,Globex
TXN0000943,25869.51,EUR,2026-01-03T14:00:00,Stark Industries
TXN0000944,20210.88,GBP,2026-01-07T08:50:00,Wayne Enterprises
TXN0000945,1282.51,INR,2026-01-14T10:52:00,Initech
TXN0000946,45346.51,INR,2026-01-18T16:05:00,Wayne Enterprises
TXN0000947,1775.6,EUR,2026-01-16T14:49:00,Wayne Enterprises
TXN0000948,35671.33,INR,2026-01-17T07:34:00,Stark Industries
TXN0000949,15016.74,EUR,2026-01-30T22:17:00,Stark Industries
TXN0000950,9064.98,USD,2026-01-22T10:13:00,Globex
TXN0000951,37048.54,EUR,2026-01-16T06:36:00,Wayne Enterprises
TXN0000952,4474.1,GBP,2026-01-11T03:56:00,Wayne Enterprises
TXN0000953,43572.9,INR,2026-01-16T01:53:00,Initech
TXN0000954,13035.36,GBP,2026-01-22T02:33:00,Acme Corp
TXN0000955,23532.12,USD,2026-01-22T11:47:00,Globex
TXN0000956,25028.86,INR,2026-01-25T02:43:00,Initech
TXN0000957,20661.23,EUR,2026-01-07T06:02:00,Globex
TXN0000958,17140.07,INR,2026-01-07T12:26:00,Initech
TXN0000959,43121.07,EUR,2026-01-04T16:16:00,Umbrella Ltd
TXN0000960,16638.15,EUR,2026-01-15T06:19:00,Wayne Enterprises
TXN0000961,2910.1,INR,2026-01-13T10:45:00,Globex
TXN0000962,38062.05,EUR,2026-01-27T05:27:00,Globex
TXN0000963,24483.96,USD,2026-01-06T21:20:00,Stark Industries
TXN0000964,21691.23,INR,2026-01-19T08:36:00,Umbrella Ltd
TXN0000965,48266.74,INR,2026-01-01T05:05:00,Acme Corp
TXN0000966,26693.79,GBP,2026-01-01T15:22:00,Initech
TXN0000967,37844.82,EUR,2026-01-01T19:34:00,Wayne Enterprises
TXN0000968,216.15,EUR,2026-01-11T07:08:00,Wayne Enterprises
TXN0000969,43850.49,GBP,2026-01-06T20:49:00,Acme Corp
TXN0000970,19183.69,GBP,2026-01-08T14:25:00,Acme Corp
TXN0000971,41193.95,GBP,2026-01-14T05:39:00,Umbrella Ltd
TXN0000972,36394.32,GBP,2026-01-20T17:40:00,Wayne Enterprises
TXN0000973,49773.67,GBP,2026-01-23T07:24:00,Initech
TXN0000974,37508.28,EUR,2026-01-19T08:36:00,Acme Corp
TXN0000975,11428.63,EUR,2026-01-10T14:40:00,Wayne Enterprises
TXN0000976,1105.44,EUR,2026-01-06T14:31:00,Initech
TXN0000977,35558.39,USD,2026-01-18T01:48:00,Wayne Enterprises
TXN0000978,12796.9,USD,2026-01-28T00:43:00,Acme Corp
TXN0000979,33101.88,USD,2026-01-03T04:41:00,Wayne Enterprises
TXN0000980,5798.33,INR,2026-01-18T07:20:00,Acme Corp
TXN0000981,27368.65,INR,2026-01-07T23:15:00,Globex
TXN0000982,34762.65,USD,2026-01-14T16:53:00,Umbrella Ltd
TXN0000983,33086.61,GBP,2026-01-29T08:15:00,Stark Industries
TXN0000984,35039.31,INR,2026-01-05T18:35:00,Stark Industries
TXN0000985,35941.12,USD,2026-01-13T20:47:00,Acme Corp
TXN0000986,39240.16,INR,2026-01-10T00:58:00,Stark Industries
TXN0000987,9995.47,GBP,2026-01-24T19:24:00,Globex
TXN0000988,17902.51,INR,2026-01-14T10:36:00,Globex
TXN0000989,1979.89,INR,2026-01-10T10:51:00,Wayne Enterprises
TXN0000990,46656.89,GBP,2026-01-11T16:08:00,Acme Corp
TXN0000991,647.34,USD,2026-01-06T00:37:00,Stark Industries
TXN0000992,33454.41,EUR,2026-01-05T02:23:00,Stark Industries
TXN0000993,3761.66,USD,2026-01-12T15:30:00,Wayne Enterprises
TXN0000994,11565.7,GBP,2026-01-13T00:29:00,Umbrella Ltd
TXN0000995,2513.51,EUR,2026-01-02T19:05:00,Initech
TXN0000996,18017.13,GBP,2026-01-20T09:18:00,Wayne Enterprises
TXN0000997,5803.89,USD,2026-01-01T10:33:00,Globex
TXN0000998,33171.12,EUR,2026-01-15T22:59:00,Initech
TXN0000999,44727.44,GBP,2026-01-05T05:31:00,Initech
